{"2345623456":{"user_id":7},"0.5519673511232839":{"user_id":7},"0.31967931527498217":{"user_id":7},"0.7401985227574694":{"user_id":7}}